,X,v,theta,theta_dot,energy
0,0.0,0.0,1.5707963267948966,0.0,0.0
1,0.0,0.3318229696967385,1.5707963267948966,0.294,0.19907020843141737
