,X,v,theta,theta_dot,energy
0,0.0,2.0,-1.5707963267948966,0.0,1.1660911876585724
1,0.04,1.4699585654518823,-1.5707963267948966,-0.294,0.8819987126577553
