,X,v,theta,theta_dot,energy
0,0.0,-2.0,-1.3962634015954636,0.0,0.6921110610845734
1,-0.04,-1.682465916937511,-1.3962634015954636,-0.3722423016920006,0.6860318033012685
2,-0.07364931833875021,-1.3094851897522994,-1.4037082476293037,-0.7589269164484875,0.5220172629225144
3,-0.0998390221337962,-0.9462319972926794,-1.4188867859582734,-1.1394523261050868,0.31013876591565775
4,-0.11876366207964978,-0.6492374845143374,-1.4416758324803751,-1.4974810663435263,0.253019990954564
5,-0.1317484117699365,-0.29904770207781933,-1.4716254538072457,-1.8566703799415862,0.1004438643234761
6,-0.1377293658114929,-0.0020901463233046202,-1.5087588614060774,-2.1933277773308246,0.001848107151116272
7,-0.137771168737959,0.27045684274557535,-1.5526254169526938,-2.512108129011156,0.06320464250289264
