,X,v,theta,theta_dot,energy
0,0.0,-2.0,-1.5707963267948966,0.0,0.6223228453836748
1,-0.04,-1.7171259793368252,-1.5707963267948966,-0.29400000000000004,0.485472731306178
