,X,v,theta,theta_dot,energy
0,0.0,2.0,-1.5707963267948966,0.0,1.1789790128171254
1,0.04,1.4641004584052346,-1.5707963267948966,-0.294,0.8433552565485111
