,X,v,theta,theta_dot,energy
0,0.0,2.0,1.5707963267948966,0.0,1.1681821672892472
1,0.04,2.530991879376498,1.5707963267948966,0.294,1.518571554239273
