,X,v,theta,theta_dot,energy
0,0.0,0.0,-1.5707963267948966,0.0,0.0
1,0.0,-0.5113242322748357,-1.5707963267948966,-0.294,0.2838993809372916
