,X,v,theta,theta_dot,energy
0,0.0,0.0,1.5707963267948966,0.0,0.0
1,0.0,0.5050742626190184,1.5707963267948966,0.294,0.3030209841847853
