,X,v,theta,theta_dot,energy
0,0.0,-2.0,-1.5707963267948966,0.0,1.1529438068682327
1,-0.04,-2.524065375328064,-1.5707963267948966,-0.294,1.5144156518102123
