,X,v,theta,theta_dot,energy
0,0.0,-2.0,1.5707963267948966,0.0,1.0928464640449216
1,-0.04,-1.5032516067678279,1.5707963267948966,0.294,0.8009691400729939
