,X,v,theta,theta_dot,energy
0,0.0,0.0,-1.3962634015954636,0.0,0.0
1,0.0,-0.5442882494239073,-1.3962634015954636,-0.1477614854286114,0.2811647261210939
2,-0.010885764988478146,-1.01159952059486,-1.3992186313040358,-0.3155733388511216,0.3513889883750573
3,-0.031117755400375348,-1.3250964875080804,-1.405530098081058,-0.5249680857490475,0.37020672749892686
4,-0.057619685150536955,-1.0694472582394956,-1.416029459796039,-0.8780493913855556,0.4205565495922682
5,-0.07900863031532687,-0.7119585360496941,-1.4335904476237502,-1.25119555440759,0.24221238911832277
6,-0.09324780103632076,-0.40493046375446073,-1.458614358711902,-1.6054235623141995,0.10938384800380527
7,-0.10134641031140998,-0.16416901653309487,-1.490722829958186,-1.9380042538750306,0.03592897004889013
8,-0.10462979064207188,0.02626279212409327,-1.5294829150356866,-2.2539106044964483,0.006322402806297747
