,X,v,theta,theta_dot,energy
0,0.0,0.0,1.3962634015954636,0.0,0.0
1,0.0,0.514132190544929,1.3962634015954636,0.15561630243353827,0.24039639760516268
2,0.01028264381089858,0.9368033667201265,1.3993757276441343,0.33505566257638575,0.4052357644103203
3,0.029018711145301114,0.5416922670349942,1.406076840895662,0.7258450711164455,0.1116462447538312
4,0.039852556486001,0.3540622619479177,1.420593742317991,1.0620157219551454,0.12636935439111516
5,0.046933801724959354,0.03418446853999607,1.441834056757094,1.4245045329440948,0.011899246901225288
6,0.04761749109575927,-0.22604554844464347,1.4703241474159758,1.7662634839894409,0.024205013541013284
7,0.0430965801268664,-0.3249171416495395,1.5056494170957646,2.07365652665253,0.05229500014625111
8,0.03659823729387561,-0.47015229513855405,1.5471225476288153,2.381215256868674,0.10749854657666097
