,X,v,theta,theta_dot,energy
0,0.0,0.0,1.5707963267948966,0.0,0.0
1,0.0,0.5454545454545454,1.5707963267948966,0.294,0.14285632466555032
