,X,v,theta,theta_dot,energy
0,0.0,-2.0,-1.5707963267948966,0.0,1.2
1,-0.04,-2.5454545454545454,-1.5707963267948966,-0.294,1.3539132089390318
