,X,v,theta,theta_dot,energy
0,0.0,-2.0,1.5707963267948966,0.0,1.1554682423175902
1,-0.04,-1.4747871593995527,1.5707963267948966,0.294,0.8848958690263573
