,X,v,theta,theta_dot,energy
0,0.0,2.0,1.5707963267948966,0.0,1.143328681760034
1,0.04,2.5196948701685127,1.5707963267948966,0.294,1.4253446338506988
