,X,v,theta,theta_dot,energy
0,0.0,-2.0,1.5707963267948966,0.0,1.0370518906027844
1,-0.04,-1.5286127870733088,1.5707963267948966,0.294,0.7243946467383835
