,X,v,theta,theta_dot,energy
0,0.0,-2.0,1.5707963267948966,0.0,1.2
1,-0.04,-1.4545454545454546,1.5707963267948966,0.294,0.6870073176977936
