,X,v,theta,theta_dot,energy
0,0.0,2.0,1.3962634015954636,0.0,1.0187005472666868
1,0.04,1.5337103176154452,1.3962634015954636,0.4109890098020438,0.83053675397236
2,0.07067420635230891,1.039282539580221,1.4044831817915044,0.8293072131532223,0.5803301356682369
3,0.09145985714391333,0.5320186448243025,1.4210693260545688,1.245214951513388,0.2082811016900204
4,0.10210023004039938,0.1801124967791689,1.4459736250848365,1.6146654381506198,0.06905174043509245
5,0.10570247997598275,-0.15331598016278708,1.478266933847849,1.9686452226270292,0.04538793019457577
6,0.10263616037272702,-0.43226682362251945,1.5176398383003895,2.3000490573032795,0.06270569450427409
7,0.09399082390027663,-0.5610417682891297,1.563640819446455,2.6038967910883604,0.1324368518392426
