,X,v,theta,theta_dot,energy
0,0.0,2.0,1.5707963267948966,0.0,1.2
1,0.04,1.4545454545454546,1.5707963267948966,0.2940000000000001,0.8358978078964954
