,X,v,theta,theta_dot,energy
0,0.0,0.0,-1.3962634015954636,0.0,0.0
1,0.0,0.021937225579088997,-1.3962634015954636,-0.29524751825290496,0.0008979291521711878
2,0.00043874451158177995,-0.017487292602209825,-1.4021683519605217,-0.5745120040321252,9.942823668279901e-05
3,8.899865953758342e-05,-0.0113992168826982,-1.4136585920411642,-0.865874538850909,0.0008028691595398375
4,-0.00013898567811638056,-0.052457336851925634,-1.4309760828181823,-1.146614346459957,0.0017103656652172727
5,-0.0011881324151548933,-0.07812720991535,-1.4539083697473816,-1.4323789920341554,0.0051347308197825904
6,-0.002750676613461893,-0.1335341400767276,-1.4825559495880647,-1.714680348956516,0.007622638574948918
7,-0.005421359414996445,-0.08516930346150392,-1.5168495565671951,-2.013929788762938,0.0012745755328252338
8,-0.0071247454842265235,-0.07500176949731573,-1.5571281523424538,-2.3083244445777824,7.219761664868813e-06
