,X,v,theta,theta_dot,energy
0,0.0,0.0,-1.5707963267948966,0.0,0.0
1,0.0,0.016076264733617954,-1.5707963267948966,-0.29400000000000004,0.0014931895178293773
