,X,v,theta,theta_dot,energy
0,0.0,0.0,1.3962634015954636,0.0,0.0
1,0.0,-0.029645940210188883,1.3962634015954636,0.2972554246246723,0.0025997001787014117
2,-0.0005929188042037777,-0.1184806281190923,1.402208510087957,0.6099278765137489,0.009590243205536598
3,-0.002962531366585624,-0.043734090612873575,1.414407067618232,0.8809471284407338,0.006588152165892126
4,-0.0038372131788430956,0.1134191589117796,1.4320260101870468,1.1346436528831068,0.010174284630005123
5,-0.0015688300006075034,0.035550743770044815,1.4547188832447089,1.4419741487602842,0.0029326640672128618
6,-0.0008578151252066071,-0.027340108102125907,1.4835583662199145,1.7449214375253743,0.0009212599189196634
7,-0.0014046172872491252,0.01267903394550543,1.518456794970422,2.032573266332653,0.001056977674484963
8,-0.0011510366083390166,0.0771968794617692,1.559108260297075,2.3211077241322875,0.004132510035142199
