,X,v,theta,theta_dot,energy
0,0.0,0.0,1.5707963267948966,0.0,0.0
1,0.0,0.03222736716270446,1.5707963267948966,0.29400000000000004,0.0009737215868176407
