,X,v,theta,theta_dot,energy
0,0.0,0.0,1.5707963267948966,0.0,0.0
1,0.0,0.4992032159458507,1.5707963267948966,0.294,0.2994983561808847
