,X,v,theta,theta_dot,energy
0,0.0,2.0,-1.5707963267948966,0.0,0.8177390112657813
1,0.04,1.6283004500649192,-1.5707963267948966,-0.294,0.6681354817942876
