,X,v,theta,theta_dot,energy
0,0.0,2.0,1.3962634015954636,0.0,0.5200700810484059
1,0.04,1.7608274771467156,1.3962634015954636,0.3518312884978019,0.36856476920770237
2,0.07521654954293432,1.5682658535672043,1.4033000273654197,0.6915217304181425,0.34950328389631613
3,0.1065818666142784,1.3641584435389904,1.4171304619737826,1.032448685775807,0.31100483591822337
4,0.1338650354850582,1.1565193535606575,1.4377794356892988,1.3706567966307062,0.1074283293459834
5,0.15699542255627136,1.072447793033065,1.465192571621913,1.6787846696859003,0.07616551877496587
6,0.17844437841693267,1.1378033239422942,1.4987682650156309,1.9608133736502005,0.2206351383169479
7,0.20120044489577854,0.9647049335887805,1.537984532488635,2.272736806659522,0.05948678304643902
