,X,v,theta,theta_dot,energy
0,0.0,2.0,1.5707963267948966,0.0,0.4015474076806116
1,0.04,1.8174784562804482,1.5707963267948966,0.29400000000000004,0.49609504449452585
