,X,v,theta,theta_dot,energy
0,0.0,2.0,-1.5707963267948966,0.0,1.096860884929817
1,0.04,1.5014268593354658,-1.5707963267948966,-0.294,0.9008796889879053
