,X,v,theta,theta_dot,energy
0,0.0,2.0,1.5707963267948966,0.0,1.1287152631696962
1,0.04,2.513052387671037,1.5707963267948966,0.294,1.3768642992028524
