,X,v,theta,theta_dot,energy
0,0.0,-2.0,-1.5707963267948966,0.0,0.9801083632738129
1,-0.04,-1.5544962016018955,-1.5707963267948966,-0.2940000000000001,0.44038894940474327
