,X,v,theta,theta_dot,energy
0,0.0,-2.0,1.3962634015954636,0.0,0.14649960961159894
1,-0.04,-2.0690179445024857,1.3962634015954636,0.3075107398193502,0.3846675637563749
2,-0.08138035889004971,-2.2407830880997075,1.4024136163918506,0.6417842754634737,0.25997142667257495
3,-0.12619602065204386,-2.3485210670665517,1.41524930190112,0.9587096745761123,0.5692350423062039
4,-0.1731664419933749,-2.5710469453325437,1.4344234953926422,1.3008709377976613,0.24978793296255766
5,-0.22458738090002578,-2.660007466467335,1.4604409141485954,1.6102826765650553,0.20843138007193218
6,-0.27778753022937247,-2.7306046955853533,1.4926465676798966,1.9141567543276217,0.19265313727737837
7,-0.33239962414107954,-2.79260994103761,1.530929702766449,2.214520571710409,0.13957454267268146
