,X,v,theta,theta_dot,energy
0,0.0,-2.0,1.5707963267948966,0.0,0.29201317749195016
1,-0.04,-2.132733266461979,1.5707963267948966,0.29400000000000004,0.3117548756316196
