,X,v,theta,theta_dot,energy
0,0.0,-2.0,-1.5707963267948966,0.0,1.103521634025839
1,-0.04,-2.501600753177296,-1.5707963267948966,-0.294,1.0601858465798413
