,X,v,theta,theta_dot,energy
0,0.0,0.0,-1.5707963267948966,0.0,0.0
1,0.0,-0.4278008287603205,-1.5707963267948966,-0.294,0.25665692386956657
