,X,v,theta,theta_dot,energy
0,0.0,0.0,1.5707963267948966,0.0,0.0
1,0.0,0.46722884611649945,1.5707963267948966,0.294,0.2728292567954882
