,X,v,theta,theta_dot,energy
0,0.0,-2.0,-1.5707963267948966,0.0,1.1977836255172636
1,-0.04,-2.5444471077485518,-1.5707963267948966,-0.294,1.5266446912625051
