,X,v,theta,theta_dot,energy
0,0.0,-2.0,-1.5707963267948966,0.0,0.8605325155802619
1,-0.04,-2.3911511572924526,-1.5707963267948966,-0.294,1.1988832662370505
