,X,v,theta,theta_dot,energy
0,0.0,-2.0,1.5707963267948966,0.0,0.9957612516791886
1,-0.04,-1.547381260178306,1.5707963267948966,0.294,0.8775312008910845
